Index(20ms),Raw,DC Level,AC Level,AC/DC ratio(%),peaks
1.000000,39756.000000,39863.375000,-107.375000,-0.269358,39756.000000,1st min
2.000000,39802.000000,39863.375000,-61.375000,-0.153963,
3.000000,39836.000000,39863.375000,-27.375000,-0.068672,
4.000000,39852.000000,39863.375000,-11.375000,-0.028535,
5.000000,39856.000000,39863.375000,-7.375000,-0.018501,
6.000000,39878.000000,39863.375000,14.625000,0.036688,
7.000000,39872.000000,39863.375000,8.625000,0.021636,
8.000000,39870.000000,39863.375000,6.625000,0.016619,
9.000000,39869.000000,39863.375000,5.625000,0.014111,
10.000000,39875.000000,39863.375000,11.625000,0.029162,
11.000000,39888.000000,39863.375000,24.625000,0.061773,
12.000000,39882.000000,39863.375000,18.625000,0.046722,
13.000000,39890.000000,39863.375000,26.625000,0.066791,
14.000000,39907.000000,39863.375000,43.625000,0.109436,
15.000000,39921.000000,39863.375000,57.625000,0.144556,
16.000000,39928.000000,39863.375000,64.625000,0.162116,
17.000000,39944.000000,39863.375000,80.625000,0.202253,
18.000000,39954.000000,39863.375000,90.625000,0.227339,
19.000000,39962.000000,39863.375000,98.625000,0.247408,39962.000000,1st max
20.000000,39951.000000,39863.375000,87.625000,0.219813,
21.000000,39866.000000,39863.375000,2.625000,0.006585,
22.000000,39775.000000,39863.375000,-88.375000,-0.221695,
23.000000,39718.000000,39863.375000,-145.375000,-0.364683,
24.000000,39669.000000,39863.375000,-194.375000,-0.487603,
25.000000,39655.000000,39769.379310,-114.379310,-0.287606,307.000000,local min,1
26.000000,39672.000000,39769.379310,-97.379310,-0.244860,
27.000000,39685.000000,39769.379310,-84.379310,-0.212172,
28.000000,39713.000000,39769.379310,-56.379310,-0.141766,
29.000000,39711.000000,39769.379310,-58.379310,-0.146795,
30.000000,39721.000000,39769.379310,-48.379310,-0.121650,
31.000000,39768.000000,39769.379310,-1.379310,-0.003468,
32.000000,39786.000000,39769.379310,16.620690,0.041793,
33.000000,39805.000000,39769.379310,35.620690,0.089568,
34.000000,39800.000000,39769.379310,30.620690,0.076996,
35.000000,39779.000000,39769.379310,9.620690,0.024191,
36.000000,39785.000000,39769.379310,15.620690,0.039278,
37.000000,39790.000000,39769.379310,20.620690,0.051851,
38.000000,39786.000000,39769.379310,16.620690,0.041793,
39.000000,39800.000000,39769.379310,30.620690,0.076996,
40.000000,39835.000000,39769.379310,65.620690,0.165003,
41.000000,39826.000000,39769.379310,56.620690,0.142373,
42.000000,39852.000000,39769.379310,82.620690,0.207750,
43.000000,39843.000000,39769.379310,73.620690,0.185119,
44.000000,39880.000000,39769.379310,110.620690,0.278155,
45.000000,39894.000000,39769.379310,124.620690,0.313358,
46.000000,39902.000000,39769.379310,132.620690,0.333474,
47.000000,39906.000000,39769.379310,136.620690,0.343532,251.000000,local max, 1
48.000000,39862.000000,39769.379310,92.620690,0.232894,
49.000000,39775.000000,39769.379310,5.620690,0.014133,
50.000000,39702.000000,39769.379310,-67.379310,-0.169425,
51.000000,39628.000000,39769.379310,-141.379310,-0.355498,
52.000000,39580.000000,39769.379310,-189.379310,-0.476194,
53.000000,39571.000000,39769.379310,-198.379310,-0.498824,
54.000000,39564.000000,39698.666667,-134.666667,-0.339222,342.000000,local min,2
55.000000,39574.000000,39698.666667,-124.666667,-0.314032,
56.000000,39604.000000,39698.666667,-94.666667,-0.238463,
57.000000,39637.000000,39698.666667,-61.666667,-0.155337,
58.000000,39646.000000,39698.666667,-52.666667,-0.132666,
59.000000,39670.000000,39698.666667,-28.666667,-0.072211,
60.000000,39702.000000,39698.666667,3.333333,0.008397,
61.000000,39689.000000,39698.666667,-9.666667,-0.024350,
62.000000,39699.000000,39698.666667,0.333333,0.000840,
63.000000,39690.000000,39698.666667,-8.666667,-0.021831,
64.000000,39681.000000,39698.666667,-17.666667,-0.044502,
65.000000,39696.000000,39698.666667,-2.666667,-0.006717,
66.000000,39696.000000,39698.666667,-2.666667,-0.006717,
67.000000,39729.000000,39698.666667,30.333333,0.076409,
68.000000,39752.000000,39698.666667,53.333333,0.134345,
69.000000,39745.000000,39698.666667,46.333333,0.116713,
70.000000,39761.000000,39698.666667,62.333333,0.157016,
71.000000,39784.000000,39698.666667,85.333333,0.214953,
72.000000,39813.000000,39698.666667,114.333333,0.288003,
73.000000,39820.000000,39698.666667,121.333333,0.305636,
74.000000,39838.000000,39698.666667,139.333333,0.350977,274.000000,local max, 2
75.000000,39834.000000,39698.666667,135.333333,0.340901,
76.000000,39791.000000,39698.666667,92.333333,0.232585,
77.000000,39697.000000,39698.666667,-1.666667,-0.004198,
78.000000,39623.000000,39698.666667,-75.666667,-0.190603,
79.000000,39575.000000,39698.666667,-123.666667,-0.311513,
80.000000,39554.000000,39698.666667,-144.666667,-0.364412,
81.000000,39511.000000,39640.275862,-129.275862,-0.326123,327.000000,local min,3
82.000000,39526.000000,39640.275862,-114.275862,-0.288282,
83.000000,39530.000000,39640.275862,-110.275862,-0.278191,
84.000000,39549.000000,39640.275862,-91.275862,-0.230260,
85.000000,39594.000000,39640.275862,-46.275862,-0.116740,
86.000000,39606.000000,39640.275862,-34.275862,-0.086467,
87.000000,39624.000000,39640.275862,-16.275862,-0.041059,
88.000000,39638.000000,39640.275862,-2.275862,-0.005741,
89.000000,39648.000000,39640.275862,7.724138,0.019486,
90.000000,39665.000000,39640.275862,24.724138,0.062371,
91.000000,39640.000000,39640.275862,-0.275862,-0.000696,
92.000000,39672.000000,39640.275862,31.724138,0.080030,
93.000000,39673.000000,39640.275862,32.724138,0.082553,
94.000000,39670.000000,39640.275862,29.724138,0.074985,
95.000000,39688.000000,39640.275862,47.724138,0.120393,
96.000000,39702.000000,39640.275862,61.724138,0.155711,
97.000000,39711.000000,39640.275862,70.724138,0.178415,
98.000000,39700.000000,39640.275862,59.724138,0.150665,
99.000000,39722.000000,39640.275862,81.724138,0.206164,
100.000000,39750.000000,39640.275862,109.724138,0.276800,
101.000000,39776.000000,39640.275862,135.724138,0.342389,
102.000000,39784.000000,39640.275862,143.724138,0.362571,273.000000,local max, 3
103.000000,39782.000000,39640.275862,141.724138,0.357526,
104.000000,39751.000000,39640.275862,110.724138,0.279322,
105.000000,39684.000000,39640.275862,43.724138,0.110302,
106.000000,39595.000000,39640.275862,-45.275862,-0.114217,
107.000000,39511.000000,39640.275862,-129.275862,-0.326123,
108.000000,39451.000000,39640.275862,-189.275862,-0.477484,
109.000000,39415.000000,39640.275862,-225.275862,-0.568300,
110.000000,39398.000000,39616.000000,-218.000000,-0.550283,386.000000,local min,4
111.000000,39420.000000,39616.000000,-196.000000,-0.494750,
112.000000,39440.000000,39616.000000,-176.000000,-0.444265,
113.000000,39441.000000,39616.000000,-175.000000,-0.441741,
114.000000,39458.000000,39616.000000,-158.000000,-0.398829,
115.000000,39496.000000,39616.000000,-120.000000,-0.302908,
116.000000,39521.000000,39616.000000,-95.000000,-0.239802,
117.000000,39536.000000,39616.000000,-80.000000,-0.201939,
118.000000,39577.000000,39616.000000,-39.000000,-0.098445,
119.000000,39575.000000,39616.000000,-41.000000,-0.103494,
120.000000,39601.000000,39616.000000,-15.000000,-0.037863,
121.000000,39624.000000,39616.000000,8.000000,0.020194,
122.000000,39647.000000,39616.000000,31.000000,0.078251,
123.000000,39651.000000,39616.000000,35.000000,0.088348,
124.000000,39694.000000,39616.000000,78.000000,0.196890,
125.000000,39709.000000,39616.000000,93.000000,0.234754,
126.000000,39732.000000,39616.000000,116.000000,0.292811,
127.000000,39746.000000,39616.000000,130.000000,0.328150,
128.000000,39758.000000,39616.000000,142.000000,0.358441,
129.000000,39753.000000,39616.000000,137.000000,0.345820,
130.000000,39782.000000,39616.000000,166.000000,0.419023,
131.000000,39803.000000,39616.000000,187.000000,0.472032,
132.000000,39820.000000,39616.000000,204.000000,0.514943,422.000000,local max, 4
133.000000,39767.000000,39616.000000,151.000000,0.381159,
134.000000,39678.000000,39616.000000,62.000000,0.156502,
135.000000,39589.000000,39616.000000,-27.000000,-0.068154,
136.000000,39534.000000,39616.000000,-82.000000,-0.206987,
137.000000,39498.000000,39616.000000,-118.000000,-0.297859,
138.000000,39461.000000,39477.738095,-16.738095,-0.042399,359.000000,local min,5
139.000000,39498.000000,39477.738095,20.261905,0.051325,
140.000000,39476.000000,39477.738095,-1.738095,-0.004403,
141.000000,39511.000000,39477.738095,33.261905,0.084255,
142.000000,39492.000000,39477.738095,14.261905,0.036126,
143.000000,39521.000000,39477.738095,43.261905,0.109586,
144.000000,39514.000000,39477.738095,36.261905,0.091854,
145.000000,39559.000000,39477.738095,81.261905,0.205842,
146.000000,39568.000000,39477.738095,90.261905,0.228640,
147.000000,39577.000000,39477.738095,99.261905,0.251438,
148.000000,39573.000000,39477.738095,95.261905,0.241305,
149.000000,39559.000000,39477.738095,81.261905,0.205842,
150.000000,39551.000000,39477.738095,73.261905,0.185578,
151.000000,39573.000000,39477.738095,95.261905,0.241305,
152.000000,39576.000000,39477.738095,98.261905,0.248905,
153.000000,39596.000000,39477.738095,118.261905,0.299566,
154.000000,39572.000000,39477.738095,94.261905,0.238772,
155.000000,39560.000000,39477.738095,82.261905,0.208375,
156.000000,39569.000000,39477.738095,91.261905,0.231173,
157.000000,39572.000000,39477.738095,94.261905,0.238772,
158.000000,39591.000000,39477.738095,113.261905,0.286901,
159.000000,39598.000000,39477.738095,120.261905,0.304632,
160.000000,39619.000000,39477.738095,141.261905,0.357827,
161.000000,39625.000000,39477.738095,147.261905,0.373025,
162.000000,39627.000000,39477.738095,149.261905,0.378091,166.000000,local max, 5
163.000000,39556.000000,39477.738095,78.261905,0.198243,
164.000000,39482.000000,39477.738095,4.261905,0.010796,
165.000000,39414.000000,39477.738095,-63.738095,-0.161453,
166.000000,39344.000000,39477.738095,-133.738095,-0.338768,
167.000000,39342.000000,39477.738095,-135.738095,-0.343835,
168.000000,39327.000000,39477.738095,-150.738095,-0.381831,
169.000000,39321.000000,39477.738095,-156.738095,-0.397029,
170.000000,39339.000000,39477.738095,-138.738095,-0.351434,
171.000000,39336.000000,39477.738095,-141.738095,-0.359033,
172.000000,39326.000000,39477.738095,-151.738095,-0.384364,
173.000000,39315.000000,39477.738095,-162.738095,-0.412228,
174.000000,39362.000000,39477.738095,-115.738095,-0.293173,
175.000000,39350.000000,39477.738095,-127.738095,-0.323570,
176.000000,39356.000000,39477.738095,-121.738095,-0.308372,
177.000000,39338.000000,39477.738095,-139.738095,-0.353967,
178.000000,39320.000000,39477.738095,-157.738095,-0.399562,
179.000000,39299.000000,39477.738095,-178.738095,-0.452757,
180.000000,39292.000000,39354.777778,-62.777778,-0.159518,335.000000,local min,6
181.000000,39325.000000,39354.777778,-29.777778,-0.075665,
182.000000,39326.000000,39354.777778,-28.777778,-0.073124,
183.000000,39356.000000,39354.777778,1.222222,0.003106,
184.000000,39336.000000,39354.777778,-18.777778,-0.047714,
185.000000,39369.000000,39354.777778,14.222222,0.036138,
186.000000,39404.000000,39354.777778,49.222222,0.125073,
187.000000,39430.000000,39354.777778,75.222222,0.191139,
188.000000,39447.000000,39354.777778,92.222222,0.234336,
189.000000,39474.000000,39354.777778,119.222222,0.302942,
190.000000,39485.000000,39354.777778,130.222222,0.330893,193.000000,local max, 6
191.000000,39478.000000,39354.777778,123.222222,0.313106,
192.000000,39454.000000,39354.777778,99.222222,0.252122,
193.000000,39373.000000,39354.777778,18.222222,0.046302,
194.000000,39301.000000,39354.777778,-53.777778,-0.136649,
195.000000,39219.000000,39354.777778,-135.777778,-0.345010,
196.000000,39175.000000,39354.777778,-179.777778,-0.456813,
197.000000,39142.000000,39354.777778,-212.777778,-0.540666,
198.000000,39138.000000,39328.555556,-190.555556,-0.484522,347.000000,local min,7
199.000000,39152.000000,39328.555556,-176.555556,-0.448925,
200.000000,39142.000000,39328.555556,-186.555556,-0.474351,
201.000000,39157.000000,39328.555556,-171.555556,-0.436211,
202.000000,39200.000000,39328.555556,-128.555556,-0.326876,
203.000000,39231.000000,39328.555556,-97.555556,-0.248053,
204.000000,39230.000000,39328.555556,-98.555556,-0.250595,
205.000000,39256.000000,39328.555556,-72.555556,-0.184486,
206.000000,39258.000000,39328.555556,-70.555556,-0.179400,
207.000000,39260.000000,39328.555556,-68.555556,-0.174315,
208.000000,39247.000000,39328.555556,-81.555556,-0.207370,
209.000000,39282.000000,39328.555556,-46.555556,-0.118376,
210.000000,39281.000000,39328.555556,-47.555556,-0.120919,
211.000000,39303.000000,39328.555556,-25.555556,-0.064980,
212.000000,39346.000000,39328.555556,17.444444,0.044356,
213.000000,39359.000000,39328.555556,30.444444,0.077411,
214.000000,39418.000000,39328.555556,89.444444,0.227429,
215.000000,39452.000000,39328.555556,123.444444,0.313880,
216.000000,39465.000000,39328.555556,136.444444,0.346935,
217.000000,39503.000000,39328.555556,174.444444,0.443557,
218.000000,39517.000000,39328.555556,188.444444,0.479154,
219.000000,39540.000000,39328.555556,211.444444,0.537636,402.000000,local max, 7
220.000000,39530.000000,39328.555556,201.444444,0.512209,
221.000000,39492.000000,39328.555556,163.444444,0.415587,
222.000000,39422.000000,39328.555556,93.444444,0.237599,
223.000000,39376.000000,39328.555556,47.444444,0.120636,
224.000000,39314.000000,39328.555556,-14.555556,-0.037010,
225.000000,39310.000000,39529.233333,-219.233333,-0.554611,230.000000,local min,8
226.000000,39316.000000,39529.233333,-213.233333,-0.539432,
227.000000,39337.000000,39529.233333,-192.233333,-0.486307,
228.000000,39358.000000,39529.233333,-171.233333,-0.433182,
229.000000,39418.000000,39529.233333,-111.233333,-0.281395,
230.000000,39468.000000,39529.233333,-61.233333,-0.154906,
231.000000,39496.000000,39529.233333,-33.233333,-0.084073,
232.000000,39522.000000,39529.233333,-7.233333,-0.018299,
233.000000,39536.000000,39529.233333,6.766667,0.017118,
234.000000,39526.000000,39529.233333,-3.233333,-0.008180,
235.000000,39529.000000,39529.233333,-0.233333,-0.000590,
236.000000,39533.000000,39529.233333,3.766667,0.009529,
237.000000,39555.000000,39529.233333,25.766667,0.065184,
238.000000,39528.000000,39529.233333,-1.233333,-0.003120,
239.000000,39562.000000,39529.233333,32.766667,0.082892,
240.000000,39574.000000,39529.233333,44.766667,0.113250,
241.000000,39580.000000,39529.233333,50.766667,0.128428,
242.000000,39629.000000,39529.233333,99.766667,0.252387,
243.000000,39657.000000,39529.233333,127.766667,0.323221,
244.000000,39663.000000,39529.233333,133.766667,0.338399,
245.000000,39687.000000,39529.233333,157.766667,0.399114,
246.000000,39711.000000,39529.233333,181.766667,0.459828,
247.000000,39739.000000,39529.233333,209.766667,0.530662,429.000000,local max, 8
248.000000,39699.000000,39529.233333,169.766667,0.429471,
249.000000,39643.000000,39529.233333,113.766667,0.287804,
250.000000,39565.000000,39529.233333,35.766667,0.090482,
251.000000,39462.000000,39529.233333,-67.233333,-0.170085,
252.000000,39449.000000,39529.233333,-80.233333,-0.202972,
253.000000,39404.000000,39529.233333,-125.233333,-0.316812,
254.000000,39421.000000,39529.233333,-108.233333,-0.273806,
255.000000,39399.000000,39561.538462,-162.538462,-0.410850,340.000000,local min,9
256.000000,39448.000000,39561.538462,-113.538462,-0.286992,
257.000000,39465.000000,39561.538462,-96.538462,-0.244021,
258.000000,39485.000000,39561.538462,-76.538462,-0.193467,
259.000000,39527.000000,39561.538462,-34.538462,-0.087303,
260.000000,39538.000000,39561.538462,-23.538462,-0.059498,
261.000000,39567.000000,39561.538462,5.461538,0.013805,
262.000000,39574.000000,39561.538462,12.461538,0.031499,
263.000000,39569.000000,39561.538462,7.461538,0.018861,
264.000000,39559.000000,39561.538462,-2.538462,-0.006416,
265.000000,39571.000000,39561.538462,9.461538,0.023916,
266.000000,39569.000000,39561.538462,7.461538,0.018861,
267.000000,39598.000000,39561.538462,36.461538,0.092164,
268.000000,39576.000000,39561.538462,14.461538,0.036555,
269.000000,39612.000000,39561.538462,50.461538,0.127552,
270.000000,39636.000000,39561.538462,74.461538,0.188217,
271.000000,39647.000000,39561.538462,85.461538,0.216022,
272.000000,39666.000000,39561.538462,104.461538,0.264048,
273.000000,39679.000000,39561.538462,117.461538,0.296908,
274.000000,39724.000000,39561.538462,162.461538,0.410655,325.000000,local max, 9
275.000000,39681.000000,39561.538462,119.461538,0.301964,
276.000000,39651.000000,39561.538462,89.461538,0.226133,
277.000000,39568.000000,39561.538462,6.461538,0.016333,
278.000000,39475.000000,39561.538462,-86.538462,-0.218744,
279.000000,39422.000000,39561.538462,-139.538462,-0.352712,
280.000000,39394.000000,39561.538462,-167.538462,-0.423488,
281.000000,39389.000000,39544.120000,-155.120000,-0.392271,335.000000,local min,10
282.000000,39405.000000,39544.120000,-139.120000,-0.351810,
283.000000,39418.000000,39544.120000,-126.120000,-0.318935,
284.000000,39429.000000,39544.120000,-115.120000,-0.291118,
285.000000,39471.000000,39544.120000,-73.120000,-0.184907,
286.000000,39509.000000,39544.120000,-35.120000,-0.088812,
287.000000,39528.000000,39544.120000,-16.120000,-0.040765,
288.000000,39519.000000,39544.120000,-25.120000,-0.063524,
289.000000,39534.000000,39544.120000,-10.120000,-0.025592,
290.000000,39549.000000,39544.120000,4.880000,0.012341,
291.000000,39533.000000,39544.120000,-11.120000,-0.028120,
292.000000,39547.000000,39544.120000,2.880000,0.007283,
293.000000,39554.000000,39544.120000,9.880000,0.024985,
294.000000,39555.000000,39544.120000,10.880000,0.027514,
295.000000,39572.000000,39544.120000,27.880000,0.070504,
296.000000,39573.000000,39544.120000,28.880000,0.073032,
297.000000,39586.000000,39544.120000,41.880000,0.105907,
298.000000,39619.000000,39544.120000,74.880000,0.189358,
299.000000,39660.000000,39544.120000,115.880000,0.293040,
300.000000,39657.000000,39544.120000,112.880000,0.285453,
301.000000,39693.000000,39544.120000,148.880000,0.376491,304.000000,local max, 10
302.000000,39669.000000,39544.120000,124.880000,0.315799,
303.000000,39628.000000,39544.120000,83.880000,0.212118,
304.000000,39542.000000,39544.120000,-2.120000,-0.005361,
305.000000,39464.000000,39544.120000,-80.120000,-0.202609,
306.000000,39439.000000,39619.037037,-180.037037,-0.454421,254.000000,local min,11
307.000000,39447.000000,39619.037037,-172.037037,-0.434228,
308.000000,39448.000000,39619.037037,-171.037037,-0.431704,
309.000000,39445.000000,39619.037037,-174.037037,-0.439276,
310.000000,39462.000000,39619.037037,-157.037037,-0.396368,
311.000000,39518.000000,39619.037037,-101.037037,-0.255021,
312.000000,39545.000000,39619.037037,-74.037037,-0.186872,
313.000000,39555.000000,39619.037037,-64.037037,-0.161632,
314.000000,39579.000000,39619.037037,-40.037037,-0.101055,
315.000000,39598.000000,39619.037037,-21.037037,-0.053098,
316.000000,39602.000000,39619.037037,-17.037037,-0.043002,
317.000000,39601.000000,39619.037037,-18.037037,-0.045526,
318.000000,39597.000000,39619.037037,-22.037037,-0.055622,
319.000000,39620.000000,39619.037037,0.962963,0.002431,
320.000000,39641.000000,39619.037037,21.962963,0.055435,
321.000000,39650.000000,39619.037037,30.962963,0.078152,
322.000000,39676.000000,39619.037037,56.962963,0.143777,
323.000000,39692.000000,39619.037037,72.962963,0.184161,
324.000000,39712.000000,39619.037037,92.962963,0.234642,
325.000000,39736.000000,39619.037037,116.962963,0.295219,
326.000000,39754.000000,39619.037037,134.962963,0.340652,
327.000000,39786.000000,39619.037037,166.962963,0.421421,347.000000,local max, 11
328.000000,39786.000000,39619.037037,166.962963,0.421421,
329.000000,39780.000000,39619.037037,160.962963,0.406277,
330.000000,39745.000000,39619.037037,125.962963,0.317935,
331.000000,39668.000000,39619.037037,48.962963,0.123584,
332.000000,39632.000000,39619.037037,12.962963,0.032719,
333.000000,39611.000000,39821.440000,-210.440000,-0.528459,175.000000,local min,12
334.000000,39639.000000,39821.440000,-182.440000,-0.458145,
335.000000,39660.000000,39821.440000,-161.440000,-0.405410,
336.000000,39663.000000,39821.440000,-158.440000,-0.397876,
337.000000,39689.000000,39821.440000,-132.440000,-0.332585,
338.000000,39724.000000,39821.440000,-97.440000,-0.244692,
339.000000,39731.000000,39821.440000,-90.440000,-0.227114,
340.000000,39784.000000,39821.440000,-37.440000,-0.094020,
341.000000,39800.000000,39821.440000,-21.440000,-0.053840,
342.000000,39787.000000,39821.440000,-34.440000,-0.086486,
343.000000,39814.000000,39821.440000,-7.440000,-0.018683,
344.000000,39803.000000,39821.440000,-18.440000,-0.046307,
345.000000,39826.000000,39821.440000,4.560000,0.011451,
346.000000,39836.000000,39821.440000,14.560000,0.036563,
347.000000,39841.000000,39821.440000,19.560000,0.049119,
348.000000,39864.000000,39821.440000,42.560000,0.106877,
349.000000,39891.000000,39821.440000,69.560000,0.174680,
350.000000,39894.000000,39821.440000,72.560000,0.182213,
351.000000,39932.000000,39821.440000,110.560000,0.277639,
352.000000,39969.000000,39821.440000,147.560000,0.370554,
353.000000,39973.000000,39821.440000,151.560000,0.380599,
354.000000,39981.000000,39821.440000,159.560000,0.400689,370.000000,local max, 12
355.000000,39980.000000,39821.440000,158.560000,0.398177,
356.000000,39949.000000,39821.440000,127.560000,0.320330,
357.000000,39895.000000,39821.440000,73.560000,0.184725,
358.000000,39856.000000,40003.285714,-147.285714,-0.368184,125.000000,local min,13
359.000000,39857.000000,40003.285714,-146.285714,-0.365684,
360.000000,39868.000000,40003.285714,-135.285714,-0.338187,
361.000000,39875.000000,40003.285714,-128.285714,-0.320688,
362.000000,39867.000000,40003.285714,-136.285714,-0.340686,
363.000000,39904.000000,40003.285714,-99.285714,-0.248194,
364.000000,39933.000000,40003.285714,-70.285714,-0.175700,
365.000000,39953.000000,40003.285714,-50.285714,-0.125704,
366.000000,39980.000000,40003.285714,-23.285714,-0.058210,
367.000000,39989.000000,40003.285714,-14.285714,-0.035711,
368.000000,39988.000000,40003.285714,-15.285714,-0.038211,
369.000000,40004.000000,40003.285714,0.714286,0.001786,
370.000000,40009.000000,40003.285714,5.714286,0.014285,
371.000000,40015.000000,40003.285714,11.714286,0.029283,
372.000000,40015.000000,40003.285714,11.714286,0.029283,
373.000000,40024.000000,40003.285714,20.714286,0.051781,
374.000000,40045.000000,40003.285714,41.714286,0.104277,
375.000000,40084.000000,40003.285714,80.714286,0.201769,
376.000000,40087.000000,40003.285714,83.714286,0.209269,
377.000000,40097.000000,40003.285714,93.714286,0.234266,
378.000000,40119.000000,40003.285714,115.714286,0.289262,
379.000000,40134.000000,40003.285714,130.714286,0.326759,
380.000000,40139.000000,40003.285714,135.714286,0.339258,283.000000,local max, 13
381.000000,40119.000000,40003.285714,115.714286,0.289262,
382.000000,40087.000000,40003.285714,83.714286,0.209269,
383.000000,40062.000000,40003.285714,58.714286,0.146774,
384.000000,39995.000000,40003.285714,-8.285714,-0.020713,
385.000000,39987.000000,40003.285714,-16.285714,-0.040711,
386.000000,39985.000000,40036.583333,-51.583333,-0.128840,154.000000,local min,14
387.000000,39991.000000,40036.583333,-45.583333,-0.113854,
388.000000,40026.000000,40036.583333,-10.583333,-0.026434,
389.000000,40010.000000,40036.583333,-26.583333,-0.066398,
390.000000,40039.000000,40036.583333,2.416667,0.006036,
391.000000,40057.000000,40036.583333,20.416667,0.050995,
392.000000,40067.000000,40036.583333,30.416667,0.075972,
393.000000,40076.000000,40036.583333,39.416667,0.098452,91.000000,local max, 14
394.000000,40061.000000,40036.583333,24.416667,0.060986,
395.000000,40044.000000,40036.583333,7.416667,0.018525,
396.000000,40046.000000,40036.583333,9.416667,0.023520,
397.000000,40049.000000,40036.583333,12.416667,0.031013,
398.000000,40046.000000,40036.583333,9.416667,0.023520,
399.000000,40034.000000,40036.583333,-2.583333,-0.006452,
400.000000,40034.000000,40036.583333,-2.583333,-0.006452,
401.000000,40036.000000,40036.583333,-0.583333,-0.001457,
402.000000,40034.000000,40036.583333,-2.583333,-0.006452,
403.000000,40054.000000,40036.583333,17.416667,0.043502,
404.000000,40052.000000,40036.583333,15.416667,0.038506,
405.000000,40054.000000,40036.583333,17.416667,0.043502,
406.000000,40038.000000,40036.583333,1.416667,0.003538,
407.000000,40055.000000,40036.583333,18.416667,0.046000,
408.000000,40012.000000,40036.583333,-24.583333,-0.061402,
409.000000,39978.000000,40036.583333,-58.583333,-0.146325,
410.000000,39951.000000,40138.058824,-187.058824,-0.466039,125.000000,local min,15
411.000000,39969.000000,40138.058824,-169.058824,-0.421193,
412.000000,39968.000000,40138.058824,-170.058824,-0.423685,
413.000000,39998.000000,40138.058824,-140.058824,-0.348943,
414.000000,40017.000000,40138.058824,-121.058824,-0.301606,
415.000000,40035.000000,40138.058824,-103.058824,-0.256761,
416.000000,40056.000000,40138.058824,-82.058824,-0.204441,
417.000000,40053.000000,40138.058824,-85.058824,-0.211916,
418.000000,40040.000000,40138.058824,-98.058824,-0.244304,
419.000000,40079.000000,40138.058824,-59.058824,-0.147139,
420.000000,40072.000000,40138.058824,-66.058824,-0.164579,
421.000000,40076.000000,40138.058824,-62.058824,-0.154613,
422.000000,40053.000000,40138.058824,-85.058824,-0.211916,
423.000000,40070.000000,40138.058824,-68.058824,-0.169562,
424.000000,40085.000000,40138.058824,-53.058824,-0.132191,
425.000000,40087.000000,40138.058824,-51.058824,-0.127208,
426.000000,40094.000000,40138.058824,-44.058824,-0.109768,
427.000000,40098.000000,40138.058824,-40.058824,-0.099803,
428.000000,40127.000000,40138.058824,-11.058824,-0.027552,
429.000000,40129.000000,40138.058824,-9.058824,-0.022569,
430.000000,40143.000000,40138.058824,4.941176,0.012310,
431.000000,40134.000000,40138.058824,-4.058824,-0.010112,
432.000000,40131.000000,40138.058824,-7.058824,-0.017586,
433.000000,40104.000000,40138.058824,-34.058824,-0.084854,
434.000000,40104.000000,40138.058824,-34.058824,-0.084854,
435.000000,40107.000000,40138.058824,-31.058824,-0.077380,
436.000000,40095.000000,40138.058824,-43.058824,-0.107277,
437.000000,40119.000000,40138.058824,-19.058824,-0.047483,
438.000000,40123.000000,40138.058824,-15.058824,-0.037518,
439.000000,40128.000000,40138.058824,-10.058824,-0.025061,
440.000000,40146.000000,40138.058824,7.941176,0.019785,
441.000000,40149.000000,40138.058824,10.941176,0.027259,
442.000000,40183.000000,40138.058824,44.941176,0.111966,
443.000000,40194.000000,40138.058824,55.941176,0.139372,
444.000000,40200.000000,40138.058824,61.941176,0.154320,
445.000000,40197.000000,40138.058824,58.941176,0.146846,
446.000000,40208.000000,40138.058824,69.941176,0.174252,
447.000000,40200.000000,40138.058824,61.941176,0.154320,
448.000000,40211.000000,40138.058824,72.941176,0.181726,
449.000000,40219.000000,40138.058824,80.941176,0.201657,
450.000000,40218.000000,40138.058824,79.941176,0.199166,
451.000000,40257.000000,40138.058824,118.941176,0.296330,
452.000000,40245.000000,40138.058824,106.941176,0.266433,
453.000000,40260.000000,40138.058824,121.941176,0.303804,
454.000000,40285.000000,40138.058824,146.941176,0.366089,
455.000000,40279.000000,40138.058824,140.941176,0.351141,
456.000000,40303.000000,40138.058824,164.941176,0.410935,352.000000,local max, 15
457.000000,40274.000000,40138.058824,135.941176,0.338684,
458.000000,40270.000000,40138.058824,131.941176,0.328718,
459.000000,40252.000000,40138.058824,113.941176,0.283873,
460.000000,40246.000000,40138.058824,107.941176,0.268925,
461.000000,40223.000000,40364.625000,-141.625000,-0.350864,80.000000,local min,16
462.000000,40256.000000,40364.625000,-108.625000,-0.269109,
463.000000,40239.000000,40364.625000,-125.625000,-0.311225,
464.000000,40248.000000,40364.625000,-116.625000,-0.288929,
465.000000,40278.000000,40364.625000,-86.625000,-0.214606,
466.000000,40302.000000,40364.625000,-62.625000,-0.155148,
467.000000,40313.000000,40364.625000,-51.625000,-0.127897,
468.000000,40333.000000,40364.625000,-31.625000,-0.078348,
469.000000,40348.000000,40364.625000,-16.625000,-0.041187,
470.000000,40358.000000,40364.625000,-6.625000,-0.016413,
471.000000,40341.000000,40364.625000,-23.625000,-0.058529,
472.000000,40369.000000,40364.625000,4.375000,0.010839,
473.000000,40381.000000,40364.625000,16.375000,0.040568,
474.000000,40374.000000,40364.625000,9.375000,0.023226,
475.000000,40387.000000,40364.625000,22.375000,0.055432,
476.000000,40425.000000,40364.625000,60.375000,0.149574,
477.000000,40399.000000,40364.625000,34.375000,0.085161,
478.000000,40440.000000,40364.625000,75.375000,0.186735,
479.000000,40453.000000,40364.625000,88.375000,0.218942,
480.000000,40477.000000,40364.625000,112.375000,0.278400,254.000000,local max, 16
481.000000,40462.000000,40364.625000,97.375000,0.241238,
482.000000,40445.000000,40364.625000,80.375000,0.199122,
483.000000,40455.000000,40364.625000,90.375000,0.223897,
484.000000,40445.000000,40364.625000,80.375000,0.199122,
485.000000,40415.000000,40591.000000,-176.000000,-0.433594,62.000000,local min,17
486.000000,40426.000000,40591.000000,-165.000000,-0.406494,
487.000000,40431.000000,40591.000000,-160.000000,-0.394176,
488.000000,40450.000000,40591.000000,-141.000000,-0.347368,
489.000000,40456.000000,40591.000000,-135.000000,-0.332586,
490.000000,40458.000000,40591.000000,-133.000000,-0.327659,
491.000000,40457.000000,40591.000000,-134.000000,-0.330122,
492.000000,40500.000000,40591.000000,-91.000000,-0.224188,
493.000000,40492.000000,40591.000000,-99.000000,-0.243896,
494.000000,40527.000000,40591.000000,-64.000000,-0.157670,
495.000000,40520.000000,40591.000000,-71.000000,-0.174916,
496.000000,40518.000000,40591.000000,-73.000000,-0.179843,
497.000000,40527.000000,40591.000000,-64.000000,-0.157670,
498.000000,40525.000000,40591.000000,-66.000000,-0.162598,
499.000000,40539.000000,40591.000000,-52.000000,-0.128107,
500.000000,40550.000000,40591.000000,-41.000000,-0.101008,
501.000000,40564.000000,40591.000000,-27.000000,-0.066517,
502.000000,40576.000000,40591.000000,-15.000000,-0.036954,
503.000000,40590.000000,40591.000000,-1.000000,-0.002464,
504.000000,40586.000000,40591.000000,-5.000000,-0.012318,
505.000000,40584.000000,40591.000000,-7.000000,-0.017245,
506.000000,40591.000000,40591.000000,0.000000,0.000000,
507.000000,40589.000000,40591.000000,-2.000000,-0.004927,
508.000000,40580.000000,40591.000000,-11.000000,-0.027100,
509.000000,40567.000000,40591.000000,-24.000000,-0.059126,
510.000000,40554.000000,40591.000000,-37.000000,-0.091153,
511.000000,40553.000000,40591.000000,-38.000000,-0.093617,
512.000000,40570.000000,40591.000000,-21.000000,-0.051736,
513.000000,40566.000000,40591.000000,-25.000000,-0.061590,
514.000000,40563.000000,40591.000000,-28.000000,-0.068981,
515.000000,40606.000000,40591.000000,15.000000,0.036954,
516.000000,40594.000000,40591.000000,3.000000,0.007391,
517.000000,40602.000000,40591.000000,11.000000,0.027100,
518.000000,40625.000000,40591.000000,34.000000,0.083762,
519.000000,40622.000000,40591.000000,31.000000,0.076372,
520.000000,40620.000000,40591.000000,29.000000,0.071444,
521.000000,40621.000000,40591.000000,30.000000,0.073908,
522.000000,40624.000000,40591.000000,33.000000,0.081299,
523.000000,40613.000000,40591.000000,22.000000,0.054199,
524.000000,40624.000000,40591.000000,33.000000,0.081299,
525.000000,40647.000000,40591.000000,56.000000,0.137962,
526.000000,40645.000000,40591.000000,54.000000,0.133034,
527.000000,40658.000000,40591.000000,67.000000,0.165061,
528.000000,40663.000000,40591.000000,72.000000,0.177379,
529.000000,40668.000000,40591.000000,77.000000,0.189697,
530.000000,40701.000000,40591.000000,110.000000,0.270996,
531.000000,40723.000000,40591.000000,132.000000,0.325195,308.000000,local max, 17
532.000000,40712.000000,40591.000000,121.000000,0.298096,
533.000000,40716.000000,40591.000000,125.000000,0.307950,
534.000000,40691.000000,40591.000000,100.000000,0.246360,
535.000000,40664.000000,40591.000000,73.000000,0.179843,
536.000000,40652.000000,40591.000000,61.000000,0.150280,
537.000000,40637.000000,40591.000000,46.000000,0.113326,
538.000000,40631.000000,40591.000000,40.000000,0.098544,
539.000000,40619.000000,40591.000000,28.000000,0.068981,
540.000000,40621.000000,40591.000000,30.000000,0.073908,
541.000000,40626.000000,40591.000000,35.000000,0.086226,
542.000000,40626.000000,40591.000000,35.000000,0.086226,
543.000000,40616.000000,40591.000000,25.000000,0.061590,
544.000000,40642.000000,40591.000000,51.000000,0.125644,
545.000000,40662.000000,40591.000000,71.000000,0.174916,
546.000000,40648.000000,40591.000000,57.000000,0.140425,
547.000000,40642.000000,40591.000000,51.000000,0.125644,
548.000000,40621.000000,40591.000000,30.000000,0.073908,
549.000000,40625.000000,40591.000000,34.000000,0.083762,
550.000000,40613.000000,40591.000000,22.000000,0.054199,
551.000000,40607.000000,40591.000000,16.000000,0.039418,
552.000000,40581.000000,40591.000000,-10.000000,-0.024636,
553.000000,40601.000000,40591.000000,10.000000,0.024636,
554.000000,40583.000000,40591.000000,-8.000000,-0.019709,
555.000000,40600.000000,40591.000000,9.000000,0.022172,
556.000000,40615.000000,40591.000000,24.000000,0.059126,
557.000000,40603.000000,40591.000000,12.000000,0.029563,
558.000000,40620.000000,40591.000000,29.000000,0.071444,
559.000000,40622.000000,40591.000000,31.000000,0.076372,
560.000000,40587.000000,40591.000000,-4.000000,-0.009854,
561.000000,40590.000000,40591.000000,-1.000000,-0.002464,
562.000000,40573.000000,40591.000000,-18.000000,-0.044345,
563.000000,40577.000000,40591.000000,-14.000000,-0.034490,
564.000000,40577.000000,40591.000000,-14.000000,-0.034490,
565.000000,40547.000000,40518.539683,28.460317,0.070240,176.000000,local min,18
566.000000,40575.000000,40518.539683,56.460317,0.139344,
567.000000,40613.000000,40518.539683,94.460317,0.233129,
568.000000,40599.000000,40518.539683,80.460317,0.198577,
569.000000,40644.000000,40518.539683,125.460317,0.309637,
570.000000,40640.000000,40518.539683,121.460317,0.299765,
571.000000,40624.000000,40518.539683,105.460317,0.260277,
572.000000,40594.000000,40518.539683,75.460317,0.186237,
573.000000,40599.000000,40518.539683,80.460317,0.198577,
574.000000,40616.000000,40518.539683,97.460317,0.240533,
575.000000,40606.000000,40518.539683,87.460317,0.215853,
576.000000,40613.000000,40518.539683,94.460317,0.233129,
577.000000,40615.000000,40518.539683,96.460317,0.238065,
578.000000,40642.000000,40518.539683,123.460317,0.304701,
579.000000,40635.000000,40518.539683,116.460317,0.287425,
580.000000,40639.000000,40518.539683,120.460317,0.297297,
581.000000,40657.000000,40518.539683,138.460317,0.341721,
582.000000,40674.000000,40518.539683,155.460317,0.383677,127.000000,local max, 18
583.000000,40671.000000,40518.539683,152.460317,0.376273,
584.000000,40664.000000,40518.539683,145.460317,0.358997,
585.000000,40627.000000,40518.539683,108.460317,0.267681,
586.000000,40609.000000,40518.539683,90.460317,0.223257,
587.000000,40598.000000,40518.539683,79.460317,0.196109,
588.000000,40593.000000,40518.539683,74.460317,0.183769,
589.000000,40554.000000,40518.539683,35.460317,0.087516,
590.000000,40527.000000,40518.539683,8.460317,0.020880,
591.000000,40551.000000,40518.539683,32.460317,0.080112,
592.000000,40528.000000,40518.539683,9.460317,0.023348,
593.000000,40523.000000,40518.539683,4.460317,0.011008,
594.000000,40529.000000,40518.539683,10.460317,0.025816,
595.000000,40537.000000,40518.539683,18.460317,0.045560,
596.000000,40539.000000,40518.539683,20.460317,0.050496,
597.000000,40516.000000,40518.539683,-2.539683,-0.006268,
598.000000,40517.000000,40518.539683,-1.539683,-0.003800,
599.000000,40520.000000,40518.539683,1.460317,0.003604,
600.000000,40509.000000,40518.539683,-9.539683,-0.023544,
601.000000,40496.000000,40518.539683,-22.539683,-0.055628,
602.000000,40512.000000,40518.539683,-6.539683,-0.016140,
603.000000,40492.000000,40518.539683,-26.539683,-0.065500,
604.000000,40509.000000,40518.539683,-9.539683,-0.023544,
605.000000,40523.000000,40518.539683,4.460317,0.011008,
606.000000,40511.000000,40518.539683,-7.539683,-0.018608,
607.000000,40515.000000,40518.539683,-3.539683,-0.008736,
608.000000,40526.000000,40518.539683,7.460317,0.018412,
609.000000,40512.000000,40518.539683,-6.539683,-0.016140,
610.000000,40481.000000,40518.539683,-37.539683,-0.092648,
611.000000,40462.000000,40518.539683,-56.539683,-0.139540,
612.000000,40442.000000,40518.539683,-76.539683,-0.188900,
613.000000,40414.000000,40518.539683,-104.539683,-0.258005,
614.000000,40402.000000,40518.539683,-116.539683,-0.287621,
615.000000,40395.000000,40518.539683,-123.539683,-0.304897,
616.000000,40388.000000,40518.539683,-130.539683,-0.322173,
617.000000,40409.000000,40518.539683,-109.539683,-0.270345,
618.000000,40397.000000,40518.539683,-121.539683,-0.299961,
619.000000,40407.000000,40518.539683,-111.539683,-0.275281,
620.000000,40396.000000,40518.539683,-122.539683,-0.302429,
621.000000,40389.000000,40518.539683,-129.539683,-0.319705,
622.000000,40364.000000,40518.539683,-154.539683,-0.381405,
623.000000,40350.000000,40518.539683,-168.539683,-0.415957,
624.000000,40320.000000,40518.539683,-198.539683,-0.489997,
625.000000,40325.000000,40518.539683,-193.539683,-0.477657,
626.000000,40275.000000,40518.539683,-243.539683,-0.601057,
627.000000,40212.000000,40518.539683,-306.539683,-0.756542,
628.000000,40145.000000,39924.961538,220.038462,0.551130,529.000000,local min,19
629.000000,40156.000000,39924.961538,231.038462,0.578682,
630.000000,40166.000000,39924.961538,241.038462,0.603729,
631.000000,40152.000000,39924.961538,227.038462,0.568663,
632.000000,40177.000000,39924.961538,252.038462,0.631280,
633.000000,40223.000000,39924.961538,298.038462,0.746497,
634.000000,40230.000000,39924.961538,305.038462,0.764029,85.000000,local max, 19
635.000000,40219.000000,39924.961538,294.038462,0.736478,
636.000000,40171.000000,39924.961538,246.038462,0.616252,
637.000000,40125.000000,39924.961538,200.038462,0.501036,
638.000000,40065.000000,39924.961538,140.038462,0.350754,
639.000000,40055.000000,39924.961538,130.038462,0.325707,
640.000000,40031.000000,39924.961538,106.038462,0.265594,
641.000000,40020.000000,39924.961538,95.038462,0.238043,
642.000000,39988.000000,39924.961538,63.038462,0.157892,
643.000000,39969.000000,39924.961538,44.038462,0.110303,
644.000000,39920.000000,39924.961538,-4.961538,-0.012427,
645.000000,39869.000000,39924.961538,-55.961538,-0.140167,
646.000000,39776.000000,39924.961538,-148.961538,-0.373104,
647.000000,39627.000000,39924.961538,-297.961538,-0.746304,
648.000000,39557.000000,39924.961538,-367.961538,-0.921633,
649.000000,39564.000000,39924.961538,-360.961538,-0.904100,
650.000000,39544.000000,39924.961538,-380.961538,-0.954194,
651.000000,39484.000000,39924.961538,-440.961538,-1.104476,
652.000000,39428.000000,39924.961538,-496.961538,-1.244739,
653.000000,39388.000000,39924.961538,-536.961538,-1.344927,
654.000000,39342.000000,39632.028571,-290.028571,-0.731803,888.000000,local min,20
655.000000,39368.000000,39632.028571,-264.028571,-0.666200,
656.000000,39410.000000,39632.028571,-222.028571,-0.560225,
657.000000,39463.000000,39632.028571,-169.028571,-0.426495,
658.000000,39526.000000,39632.028571,-106.028571,-0.267533,
659.000000,39547.000000,39632.028571,-85.028571,-0.214545,
660.000000,39562.000000,39632.028571,-70.028571,-0.176697,
661.000000,39582.000000,39632.028571,-50.028571,-0.126233,
662.000000,39564.000000,39632.028571,-68.028571,-0.171650,
663.000000,39559.000000,39632.028571,-73.028571,-0.184267,
664.000000,39554.000000,39632.028571,-78.028571,-0.196883,
665.000000,39585.000000,39632.028571,-47.028571,-0.118663,
666.000000,39616.000000,39632.028571,-16.028571,-0.040443,
667.000000,39624.000000,39632.028571,-8.028571,-0.020258,
668.000000,39625.000000,39632.028571,-7.028571,-0.017735,
669.000000,39658.000000,39632.028571,25.971429,0.065531,
670.000000,39694.000000,39632.028571,61.971429,0.156367,
671.000000,39733.000000,39632.028571,100.971429,0.254772,
672.000000,39725.000000,39632.028571,92.971429,0.234587,
673.000000,39712.000000,39632.028571,79.971429,0.201785,
674.000000,39697.000000,39632.028571,64.971429,0.163937,
675.000000,39695.000000,39632.028571,62.971429,0.158890,
676.000000,39683.000000,39632.028571,50.971429,0.128612,
677.000000,39693.000000,39632.028571,60.971429,0.153844,
678.000000,39705.000000,39632.028571,72.971429,0.184122,
679.000000,39720.000000,39632.028571,87.971429,0.221971,
680.000000,39726.000000,39632.028571,93.971429,0.237110,
681.000000,39749.000000,39632.028571,116.971429,0.295144,
682.000000,39749.000000,39632.028571,116.971429,0.295144,
683.000000,39758.000000,39632.028571,125.971429,0.317853,
684.000000,39765.000000,39632.028571,132.971429,0.335515,423.000000,local max, 20
685.000000,39718.000000,39632.028571,85.971429,0.216924,
686.000000,39696.000000,39632.028571,63.971429,0.161413,
687.000000,39655.000000,39632.028571,22.971429,0.057962,
688.000000,39663.000000,39632.028571,30.971429,0.078147,
689.000000,39626.000000,39660.200000,-34.200000,-0.086233,139.000000,local min,21
690.000000,39640.000000,39660.200000,-20.200000,-0.050933,
691.000000,39665.000000,39660.200000,4.800000,0.012103,
692.000000,39686.000000,39660.200000,25.800000,0.065053,
693.000000,39711.000000,39660.200000,50.800000,0.128088,
694.000000,39705.000000,39660.200000,44.800000,0.112960,
695.000000,39738.000000,39660.200000,77.800000,0.196166,112.000000,local max, 21
696.000000,39710.000000,39660.200000,49.800000,0.125567,
697.000000,39708.000000,39660.200000,47.800000,0.120524,
698.000000,39718.000000,39660.200000,57.800000,0.145738,
699.000000,39715.000000,39660.200000,54.800000,0.138174,
700.000000,39712.000000,39660.200000,51.800000,0.130610,
701.000000,39691.000000,39660.200000,30.800000,0.077660,
702.000000,39696.000000,39660.200000,35.800000,0.090267,
703.000000,39699.000000,39660.200000,38.800000,0.097831,
704.000000,39706.000000,39660.200000,45.800000,0.115481,
705.000000,39667.000000,39660.200000,6.800000,0.017146,
706.000000,39691.000000,39660.200000,30.800000,0.077660,
707.000000,39689.000000,39660.200000,28.800000,0.072617,
708.000000,39681.000000,39660.200000,20.800000,0.052446,
709.000000,39629.000000,39660.200000,-31.200000,-0.078668,
710.000000,39537.000000,39660.200000,-123.200000,-0.310639,
711.000000,39523.000000,39660.200000,-137.200000,-0.345939,
712.000000,39474.000000,39660.200000,-186.200000,-0.469488,
713.000000,39488.000000,39660.200000,-172.200000,-0.434188,
714.000000,39459.000000,39557.434783,-98.434783,-0.248840,279.000000,local min,22
715.000000,39478.000000,39557.434783,-79.434783,-0.200809,
716.000000,39501.000000,39557.434783,-56.434783,-0.142665,
717.000000,39511.000000,39557.434783,-46.434783,-0.117386,
718.000000,39515.000000,39557.434783,-42.434783,-0.107274,
719.000000,39532.000000,39557.434783,-25.434783,-0.064298,
720.000000,39552.000000,39557.434783,-5.434783,-0.013739,
721.000000,39554.000000,39557.434783,-3.434783,-0.008683,
722.000000,39540.000000,39557.434783,-17.434783,-0.044075,
723.000000,39542.000000,39557.434783,-15.434783,-0.039019,
724.000000,39544.000000,39557.434783,-13.434783,-0.033963,
725.000000,39554.000000,39557.434783,-3.434783,-0.008683,
726.000000,39580.000000,39557.434783,22.565217,0.057044,
727.000000,39590.000000,39557.434783,32.565217,0.082324,
728.000000,39584.000000,39557.434783,26.565217,0.067156,
729.000000,39607.000000,39557.434783,49.565217,0.125299,
730.000000,39620.000000,39557.434783,62.565217,0.158163,
731.000000,39603.000000,39557.434783,45.565217,0.115187,
732.000000,39635.000000,39557.434783,77.565217,0.196083,176.000000,local max, 22
733.000000,39629.000000,39557.434783,71.565217,0.180915,
734.000000,39606.000000,39557.434783,48.565217,0.122771,
735.000000,39573.000000,39557.434783,15.565217,0.039348,
736.000000,39512.000000,39557.434783,-45.434783,-0.114858,
737.000000,39484.000000,39546.074074,-62.074074,-0.156966,151.000000,local min,23
738.000000,39484.000000,39546.074074,-62.074074,-0.156966,
739.000000,39508.000000,39546.074074,-38.074074,-0.096278,
740.000000,39511.000000,39546.074074,-35.074074,-0.088692,
741.000000,39523.000000,39546.074074,-23.074074,-0.058347,
742.000000,39515.000000,39546.074074,-31.074074,-0.078577,
743.000000,39534.000000,39546.074074,-12.074074,-0.030532,
744.000000,39560.000000,39546.074074,13.925926,0.035214,
745.000000,39564.000000,39546.074074,17.925926,0.045329,
746.000000,39585.000000,39546.074074,38.925926,0.098432,
747.000000,39572.000000,39546.074074,25.925926,0.065559,
748.000000,39568.000000,39546.074074,21.925926,0.055444,
749.000000,39554.000000,39546.074074,7.925926,0.020042,
750.000000,39558.000000,39546.074074,11.925926,0.030157,
751.000000,39579.000000,39546.074074,32.925926,0.083260,
752.000000,39577.000000,39546.074074,30.925926,0.078202,
753.000000,39595.000000,39546.074074,48.925926,0.123719,
754.000000,39613.000000,39546.074074,66.925926,0.169235,
755.000000,39602.000000,39546.074074,55.925926,0.141420,
756.000000,39624.000000,39546.074074,77.925926,0.197051,
757.000000,39630.000000,39546.074074,83.925926,0.212223,146.000000,local max, 23
758.000000,39602.000000,39546.074074,55.925926,0.141420,
759.000000,39566.000000,39546.074074,19.925926,0.050387,
760.000000,39531.000000,39546.074074,-15.074074,-0.038118,
761.000000,39475.000000,39546.074074,-71.074074,-0.179725,
762.000000,39433.000000,39546.074074,-113.074074,-0.285930,
763.000000,39397.000000,39546.074074,-149.074074,-0.376963,
764.000000,39394.000000,39442.571429,-48.571429,-0.123145,236.000000,local min,24
765.000000,39400.000000,39442.571429,-42.571429,-0.107933,
766.000000,39405.000000,39442.571429,-37.571429,-0.095256,
767.000000,39411.000000,39442.571429,-31.571429,-0.080044,
768.000000,39427.000000,39442.571429,-15.571429,-0.039479,
769.000000,39472.000000,39442.571429,29.428571,0.074611,
770.000000,39465.000000,39442.571429,22.428571,0.056864,
771.000000,39469.000000,39442.571429,26.428571,0.067005,
772.000000,39467.000000,39442.571429,24.428571,0.061935,
773.000000,39466.000000,39442.571429,23.428571,0.059399,
774.000000,39462.000000,39442.571429,19.428571,0.049258,
775.000000,39453.000000,39442.571429,10.428571,0.026440,
776.000000,39459.000000,39442.571429,16.428571,0.041652,
777.000000,39464.000000,39442.571429,21.428571,0.054329,
778.000000,39476.000000,39442.571429,33.428571,0.084753,
779.000000,39463.000000,39442.571429,20.428571,0.051793,
780.000000,39479.000000,39442.571429,36.428571,0.092359,
781.000000,39484.000000,39442.571429,41.428571,0.105035,
782.000000,39479.000000,39442.571429,36.428571,0.092359,
783.000000,39523.000000,39442.571429,80.428571,0.203913,129.000000,local max, 24
784.000000,39518.000000,39442.571429,75.428571,0.191236,
785.000000,39516.000000,39442.571429,73.428571,0.186166,
786.000000,39489.000000,39442.571429,46.428571,0.117712,
787.000000,39427.000000,39442.571429,-15.571429,-0.039479,
788.000000,39381.000000,39442.571429,-61.571429,-0.156104,
789.000000,39345.000000,39442.571429,-97.571429,-0.247376,
790.000000,39300.000000,39442.571429,-142.571429,-0.361466,
791.000000,39298.000000,39442.571429,-144.571429,-0.366537,
792.000000,39284.000000,39360.928571,-76.928571,-0.195444,239.000000,local min,25
793.000000,39318.000000,39360.928571,-42.928571,-0.109064,
794.000000,39309.000000,39360.928571,-51.928571,-0.131929,
795.000000,39314.000000,39360.928571,-46.928571,-0.119226,
796.000000,39346.000000,39360.928571,-14.928571,-0.037927,
797.000000,39346.000000,39360.928571,-14.928571,-0.037927,
798.000000,39347.000000,39360.928571,-13.928571,-0.035387,
799.000000,39363.000000,39360.928571,2.071429,0.005263,
800.000000,39377.000000,39360.928571,16.071429,0.040831,
801.000000,39359.000000,39360.928571,-1.928571,-0.004900,
802.000000,39359.000000,39360.928571,-1.928571,-0.004900,
803.000000,39366.000000,39360.928571,5.071429,0.012884,
804.000000,39366.000000,39360.928571,5.071429,0.012884,
805.000000,39369.000000,39360.928571,8.071429,0.020506,
806.000000,39379.000000,39360.928571,18.071429,0.045912,
807.000000,39372.000000,39360.928571,11.071429,0.028128,
808.000000,39386.000000,39360.928571,25.071429,0.063696,
809.000000,39389.000000,39360.928571,28.071429,0.071318,
810.000000,39433.000000,39360.928571,72.071429,0.183104,
811.000000,39438.000000,39360.928571,77.071429,0.195807,
812.000000,39457.000000,39360.928571,96.071429,0.244078,
813.000000,39477.000000,39360.928571,116.071429,0.294890,193.000000,local max, 25
814.000000,39453.000000,39360.928571,92.071429,0.233916,
815.000000,39417.000000,39360.928571,56.071429,0.142455,
816.000000,39350.000000,39360.928571,-10.928571,-0.027765,
817.000000,39272.000000,39360.928571,-88.928571,-0.225931,
818.000000,39231.000000,39360.928571,-129.928571,-0.330095,
819.000000,39229.000000,39360.928571,-131.928571,-0.335176,
820.000000,39211.000000,39277.205882,-66.205882,-0.168561,266.000000,local min,26
821.000000,39216.000000,39277.205882,-61.205882,-0.155831,
822.000000,39229.000000,39277.205882,-48.205882,-0.122732,
823.000000,39225.000000,39277.205882,-52.205882,-0.132916,
824.000000,39231.000000,39277.205882,-46.205882,-0.117640,
825.000000,39255.000000,39277.205882,-22.205882,-0.056536,
826.000000,39275.000000,39277.205882,-2.205882,-0.005616,
827.000000,39277.000000,39277.205882,-0.205882,-0.000524,
828.000000,39285.000000,39277.205882,7.794118,0.019844,
829.000000,39278.000000,39277.205882,0.794118,0.002022,
830.000000,39287.000000,39277.205882,9.794118,0.024936,
831.000000,39293.000000,39277.205882,15.794118,0.040212,
832.000000,39287.000000,39277.205882,9.794118,0.024936,
833.000000,39284.000000,39277.205882,6.794118,0.017298,
834.000000,39295.000000,39277.205882,17.794118,0.045304,
835.000000,39319.000000,39277.205882,41.794118,0.106408,
836.000000,39309.000000,39277.205882,31.794118,0.080948,
837.000000,39326.000000,39277.205882,48.794118,0.124230,
838.000000,39346.000000,39277.205882,68.794118,0.175150,
839.000000,39343.000000,39277.205882,65.794118,0.167512,
840.000000,39323.000000,39277.205882,45.794118,0.116592,
841.000000,39351.000000,39277.205882,73.794118,0.187880,
842.000000,39364.000000,39277.205882,86.794118,0.220978,
843.000000,39373.000000,39277.205882,95.794118,0.243892,
844.000000,39378.000000,39277.205882,100.794118,0.256622,167.000000,local max, 26
845.000000,39375.000000,39277.205882,97.794118,0.248984,
846.000000,39354.000000,39277.205882,76.794118,0.195518,
847.000000,39294.000000,39277.205882,16.794118,0.042758,
848.000000,39233.000000,39277.205882,-44.205882,-0.112548,
849.000000,39191.000000,39277.205882,-86.205882,-0.219481,
850.000000,39169.000000,39277.205882,-108.205882,-0.275493,
851.000000,39150.000000,39277.205882,-127.205882,-0.323867,
852.000000,39154.000000,39277.205882,-123.205882,-0.313683,
853.000000,39145.000000,39277.205882,-132.205882,-0.336597,
854.000000,39143.000000,39250.250000,-107.250000,-0.273247,235.000000,local min,27
855.000000,39169.000000,39250.250000,-81.250000,-0.207005,
856.000000,39173.000000,39250.250000,-77.250000,-0.196814,
857.000000,39190.000000,39250.250000,-60.250000,-0.153502,
858.000000,39214.000000,39250.250000,-36.250000,-0.092356,
859.000000,39221.000000,39250.250000,-29.250000,-0.074522,
860.000000,39222.000000,39250.250000,-28.250000,-0.071974,
861.000000,39229.000000,39250.250000,-21.250000,-0.054140,
862.000000,39213.000000,39250.250000,-37.250000,-0.094904,
863.000000,39210.000000,39250.250000,-40.250000,-0.102547,
864.000000,39227.000000,39250.250000,-23.250000,-0.059235,
865.000000,39222.000000,39250.250000,-28.250000,-0.071974,
866.000000,39254.000000,39250.250000,3.750000,0.009554,
867.000000,39270.000000,39250.250000,19.750000,0.050318,
868.000000,39275.000000,39250.250000,24.750000,0.063057,
869.000000,39286.000000,39250.250000,35.750000,0.091082,
870.000000,39290.000000,39250.250000,39.750000,0.101273,
871.000000,39295.000000,39250.250000,44.750000,0.114012,
872.000000,39310.000000,39250.250000,59.750000,0.152228,
873.000000,39321.000000,39250.250000,70.750000,0.180254,
874.000000,39332.000000,39250.250000,81.750000,0.208279,
875.000000,39312.000000,39250.250000,61.750000,0.157324,
876.000000,39327.000000,39250.250000,76.750000,0.195540,
877.000000,39357.000000,39250.250000,106.750000,0.271973,
878.000000,39353.000000,39250.250000,102.750000,0.261782,
879.000000,39377.000000,39250.250000,126.750000,0.322928,234.000000,local max, 27
880.000000,39347.000000,39250.250000,96.750000,0.246495,
881.000000,39277.000000,39250.250000,26.750000,0.068152,
882.000000,39196.000000,39250.250000,-54.250000,-0.138216,
883.000000,39158.000000,39250.250000,-92.250000,-0.235030,
884.000000,39144.000000,39250.250000,-106.250000,-0.270699,
885.000000,39094.000000,39250.250000,-156.250000,-0.398087,
886.000000,39091.000000,39206.062500,-115.062500,-0.293481,286.000000,local min,28
887.000000,39104.000000,39206.062500,-102.062500,-0.260323,
888.000000,39098.000000,39206.062500,-108.062500,-0.275627,
889.000000,39105.000000,39206.062500,-101.062500,-0.257773,
890.000000,39110.000000,39206.062500,-96.062500,-0.245020,
891.000000,39138.000000,39206.062500,-68.062500,-0.173602,
892.000000,39131.000000,39206.062500,-75.062500,-0.191456,
893.000000,39146.000000,39206.062500,-60.062500,-0.153197,
894.000000,39148.000000,39206.062500,-58.062500,-0.148096,
895.000000,39166.000000,39206.062500,-40.062500,-0.102184,
896.000000,39164.000000,39206.062500,-42.062500,-0.107286,
897.000000,39170.000000,39206.062500,-36.062500,-0.091982,
898.000000,39189.000000,39206.062500,-17.062500,-0.043520,
899.000000,39201.000000,39206.062500,-5.062500,-0.012913,
900.000000,39192.000000,39206.062500,-14.062500,-0.035868,
901.000000,39214.000000,39206.062500,7.937500,0.020246,
902.000000,39231.000000,39206.062500,24.937500,0.063606,
903.000000,39245.000000,39206.062500,38.937500,0.099315,
904.000000,39240.000000,39206.062500,33.937500,0.086562,
905.000000,39244.000000,39206.062500,37.937500,0.096764,
906.000000,39268.000000,39206.062500,61.937500,0.157979,
907.000000,39261.000000,39206.062500,54.937500,0.140125,
908.000000,39282.000000,39206.062500,75.937500,0.193688,
909.000000,39288.000000,39206.062500,81.937500,0.208992,
910.000000,39288.000000,39206.062500,81.937500,0.208992,
911.000000,39312.000000,39206.062500,105.937500,0.270207,
912.000000,39316.000000,39206.062500,109.937500,0.280409,
913.000000,39326.000000,39206.062500,119.937500,0.305916,235.000000,local max, 28
914.000000,39311.000000,39206.062500,104.937500,0.267656,
915.000000,39273.000000,39206.062500,66.937500,0.170733,
916.000000,39185.000000,39206.062500,-21.062500,-0.053723,
917.000000,39157.000000,39206.062500,-49.062500,-0.125140,
918.000000,39095.000000,39289.382353,-194.382353,-0.494745,231.000000,local min,29
919.000000,39098.000000,39289.382353,-191.382353,-0.487110,
920.000000,39110.000000,39289.382353,-179.382353,-0.456567,
921.000000,39110.000000,39289.382353,-179.382353,-0.456567,
922.000000,39102.000000,39289.382353,-187.382353,-0.476929,
923.000000,39127.000000,39289.382353,-162.382353,-0.413298,
924.000000,39183.000000,39289.382353,-106.382353,-0.270766,
925.000000,39195.000000,39289.382353,-94.382353,-0.240224,
926.000000,39227.000000,39289.382353,-62.382353,-0.158777,
927.000000,39245.000000,39289.382353,-44.382353,-0.112963,
928.000000,39250.000000,39289.382353,-39.382353,-0.100237,
929.000000,39239.000000,39289.382353,-50.382353,-0.128234,
930.000000,39258.000000,39289.382353,-31.382353,-0.079875,
931.000000,39267.000000,39289.382353,-22.382353,-0.056968,
932.000000,39252.000000,39289.382353,-37.382353,-0.095146,
933.000000,39288.000000,39289.382353,-1.382353,-0.003518,
934.000000,39330.000000,39289.382353,40.617647,0.103381,
935.000000,39333.000000,39289.382353,43.617647,0.111016,
936.000000,39342.000000,39289.382353,52.617647,0.133923,
937.000000,39353.000000,39289.382353,63.617647,0.161921,
938.000000,39358.000000,39289.382353,68.617647,0.174647,
939.000000,39336.000000,39289.382353,46.617647,0.118652,
940.000000,39372.000000,39289.382353,82.617647,0.210280,
941.000000,39369.000000,39289.382353,79.617647,0.202644,
942.000000,39389.000000,39289.382353,99.617647,0.253549,
943.000000,39390.000000,39289.382353,100.617647,0.256094,
944.000000,39428.000000,39289.382353,138.617647,0.352812,
945.000000,39435.000000,39289.382353,145.617647,0.370628,
946.000000,39451.000000,39289.382353,161.617647,0.411352,
947.000000,39456.000000,39289.382353,166.617647,0.424078,361.000000,local max, 29
948.000000,39422.000000,39289.382353,132.617647,0.337541,
949.000000,39390.000000,39289.382353,100.617647,0.256094,
950.000000,39334.000000,39289.382353,44.617647,0.113562,
951.000000,39305.000000,39289.382353,15.617647,0.039750,
952.000000,39287.000000,39441.030303,-154.030303,-0.390533,169.000000,local min,30
953.000000,39291.000000,39441.030303,-150.030303,-0.380391,
954.000000,39287.000000,39441.030303,-154.030303,-0.390533,
955.000000,39327.000000,39441.030303,-114.030303,-0.289116,
956.000000,39327.000000,39441.030303,-114.030303,-0.289116,
957.000000,39356.000000,39441.030303,-85.030303,-0.215588,
958.000000,39400.000000,39441.030303,-41.030303,-0.104029,
959.000000,39415.000000,39441.030303,-26.030303,-0.065998,
960.000000,39414.000000,39441.030303,-27.030303,-0.068533,
961.000000,39416.000000,39441.030303,-25.030303,-0.063463,
962.000000,39424.000000,39441.030303,-17.030303,-0.043179,
963.000000,39427.000000,39441.030303,-14.030303,-0.035573,
964.000000,39431.000000,39441.030303,-10.030303,-0.025431,
965.000000,39433.000000,39441.030303,-8.030303,-0.020360,
966.000000,39461.000000,39441.030303,19.969697,0.050632,
967.000000,39456.000000,39441.030303,14.969697,0.037955,
968.000000,39485.000000,39441.030303,43.969697,0.111482,
969.000000,39481.000000,39441.030303,39.969697,0.101340,
970.000000,39526.000000,39441.030303,84.969697,0.215435,
971.000000,39516.000000,39441.030303,74.969697,0.190080,
972.000000,39538.000000,39441.030303,96.969697,0.245860,
973.000000,39537.000000,39441.030303,95.969697,0.243325,
974.000000,39561.000000,39441.030303,119.969697,0.304175,
975.000000,39551.000000,39441.030303,109.969697,0.278821,
976.000000,39548.000000,39441.030303,106.969697,0.271214,
977.000000,39558.000000,39441.030303,116.969697,0.296569,
978.000000,39567.000000,39441.030303,125.969697,0.319387,280.000000,local max, 30
979.000000,39509.000000,39441.030303,67.969697,0.172332,
980.000000,39495.000000,39441.030303,53.969697,0.136836,
981.000000,39416.000000,39441.030303,-25.030303,-0.063463,
982.000000,39384.000000,39441.030303,-57.030303,-0.144596,
983.000000,39375.000000,39441.030303,-66.030303,-0.167415,
984.000000,39355.000000,39441.030303,-86.030303,-0.218124,
985.000000,39342.000000,39441.030303,-99.030303,-0.251084,225.000000,local min,31
986.000000,39365.000000,39441.030303,-76.030303,-0.192770,
987.000000,39383.000000,39441.030303,-58.030303,-0.147132,
988.000000,39389.000000,39441.030303,-52.030303,-0.131919,
989.000000,39406.000000,39441.030303,-35.030303,-0.088817,
990.000000,39409.000000,39441.030303,-32.030303,-0.081211,
991.000000,39421.000000,39441.030303,-20.030303,-0.050785,
992.000000,39424.000000,39441.030303,-17.030303,-0.043179,
993.000000,39412.000000,39441.030303,-29.030303,-0.073604,
994.000000,39430.000000,39441.030303,-11.030303,-0.027967,
995.000000,39425.000000,39441.030303,-16.030303,-0.040644,
996.000000,39407.000000,39441.030303,-34.030303,-0.086281,
997.000000,39435.000000,39441.030303,-6.030303,-0.015289,

Detect Peaks 63
Peak Index, Peak,DC Level,AC Level, AC(Peak to Peak) Average=255.47, AC(Peak to Peak)/DC Ratio(%),  AC/DC Average Ratio(0.64%), Reference(0.1%)
1.000000,39756.00,39863.38,-107.38,107.38,0.27%,0.64%,0.1%
19.000000,39962.00,39863.38,98.63,206.00,0.52%,0.64%,0.1%
25.000000,39655.00,39769.38,-114.38,213.00,0.54%,0.64%,0.1%
47.000000,39906.00,39769.38,136.62,251.00,0.63%,0.64%,0.1%
54.000000,39564.00,39698.67,-134.67,271.29,0.68%,0.64%,0.1%
74.000000,39838.00,39698.67,139.33,274.00,0.69%,0.64%,0.1%
81.000000,39511.00,39640.28,-129.28,268.61,0.68%,0.64%,0.1%
102.000000,39784.00,39640.28,143.72,273.00,0.69%,0.64%,0.1%
110.000000,39398.00,39616.00,-218.00,361.72,0.91%,0.64%,0.1%
132.000000,39820.00,39616.00,204.00,422.00,1.07%,0.64%,0.1%
138.000000,39461.00,39477.74,-16.74,220.74,0.56%,0.64%,0.1%
162.000000,39627.00,39477.74,149.26,166.00,0.42%,0.64%,0.1%
180.000000,39292.00,39354.78,-62.78,212.04,0.54%,0.64%,0.1%
190.000000,39485.00,39354.78,130.22,193.00,0.49%,0.64%,0.1%
198.000000,39138.00,39328.56,-190.56,320.78,0.82%,0.64%,0.1%
219.000000,39540.00,39328.56,211.44,402.00,1.02%,0.64%,0.1%
225.000000,39310.00,39529.23,-219.23,430.68,1.09%,0.64%,0.1%
247.000000,39739.00,39529.23,209.77,429.00,1.09%,0.64%,0.1%
255.000000,39399.00,39561.54,-162.54,372.31,0.94%,0.64%,0.1%
274.000000,39724.00,39561.54,162.46,325.00,0.82%,0.64%,0.1%
281.000000,39389.00,39544.12,-155.12,317.58,0.80%,0.64%,0.1%
301.000000,39693.00,39544.12,148.88,304.00,0.77%,0.64%,0.1%
306.000000,39439.00,39619.04,-180.04,328.92,0.83%,0.64%,0.1%
327.000000,39786.00,39619.04,166.96,347.00,0.88%,0.64%,0.1%
333.000000,39611.00,39821.44,-210.44,377.40,0.95%,0.64%,0.1%
354.000000,39981.00,39821.44,159.56,370.00,0.93%,0.64%,0.1%
358.000000,39856.00,40003.29,-147.29,306.85,0.77%,0.64%,0.1%
380.000000,40139.00,40003.29,135.71,283.00,0.71%,0.64%,0.1%
386.000000,39985.00,40036.58,-51.58,187.30,0.47%,0.64%,0.1%
393.000000,40076.00,40036.58,39.42,91.00,0.23%,0.64%,0.1%
410.000000,39951.00,40138.06,-187.06,226.48,0.56%,0.64%,0.1%
456.000000,40303.00,40138.06,164.94,352.00,0.88%,0.64%,0.1%
461.000000,40223.00,40364.63,-141.63,306.57,0.76%,0.64%,0.1%
480.000000,40477.00,40364.63,112.38,254.00,0.63%,0.64%,0.1%
485.000000,40415.00,40591.00,-176.00,288.38,0.71%,0.64%,0.1%
531.000000,40723.00,40591.00,132.00,308.00,0.76%,0.64%,0.1%
565.000000,40547.00,40518.54,28.46,103.54,0.26%,0.64%,0.1%
582.000000,40674.00,40518.54,155.46,127.00,0.31%,0.64%,0.1%
628.000000,40145.00,39924.96,220.04,64.58,0.16%,0.64%,0.1%
634.000000,40230.00,39924.96,305.04,85.00,0.21%,0.64%,0.1%
654.000000,39342.00,39632.03,-290.03,595.07,1.50%,0.64%,0.1%
684.000000,39765.00,39632.03,132.97,423.00,1.07%,0.64%,0.1%
689.000000,39626.00,39660.20,-34.20,167.17,0.42%,0.64%,0.1%
695.000000,39738.00,39660.20,77.80,112.00,0.28%,0.64%,0.1%
714.000000,39459.00,39557.43,-98.43,176.23,0.45%,0.64%,0.1%
732.000000,39635.00,39557.43,77.57,176.00,0.44%,0.64%,0.1%
737.000000,39484.00,39546.07,-62.07,139.64,0.35%,0.64%,0.1%
757.000000,39630.00,39546.07,83.93,146.00,0.37%,0.64%,0.1%
764.000000,39394.00,39442.57,-48.57,132.50,0.34%,0.64%,0.1%
783.000000,39523.00,39442.57,80.43,129.00,0.33%,0.64%,0.1%
792.000000,39284.00,39360.93,-76.93,157.36,0.40%,0.64%,0.1%
813.000000,39477.00,39360.93,116.07,193.00,0.49%,0.64%,0.1%
820.000000,39211.00,39277.21,-66.21,182.28,0.46%,0.64%,0.1%
844.000000,39378.00,39277.21,100.79,167.00,0.43%,0.64%,0.1%
854.000000,39143.00,39250.25,-107.25,208.04,0.53%,0.64%,0.1%
879.000000,39377.00,39250.25,126.75,234.00,0.60%,0.64%,0.1%
886.000000,39091.00,39206.06,-115.06,241.81,0.62%,0.64%,0.1%
913.000000,39326.00,39206.06,119.94,235.00,0.60%,0.64%,0.1%
918.000000,39095.00,39289.38,-194.38,314.32,0.80%,0.64%,0.1%
947.000000,39456.00,39289.38,166.62,361.00,0.92%,0.64%,0.1%
952.000000,39287.00,39441.03,-154.03,320.65,0.81%,0.64%,0.1%
978.000000,39567.00,39441.03,125.97,280.00,0.71%,0.64%,0.1%
